{
  "mean_atomic_mass": -0.08739030622966629,
  "entropy_atomic_mass": 0.092986437969576,
  "range_atomic_mass": 0.13372518345545711,
  "wtd_range_atomic_mass": -0.24386212127542123,
  "mean_fie": -0.04627085693873149,
  "wtd_mean_fie": 0.13682921537274817,
  "wtd_entropy_fie": -0.029020898666308824,
  "range_fie": 0.6197446706671617,
  "wtd_range_fie": 0.11328337303588759,
  "mean_atomic_radius": 0.11251899049088707,
  "wtd_range_atomic_radius": -0.24015526044373767,
  "mean_Density": -0.2748355642492109,
  "range_Density": 0.07154747397530171,
  "mean_ElectronAffinity": -0.13644699177276404,
  "wtd_mean_ElectronAffinity": 0.31070521956453,
  "range_ElectronAffinity": 0.10765927445345112,
  "wtd_range_ElectronAffinity": 0.4131279354495497,
  "mean_FusionHeat": -0.44174752386409155,
  "range_FusionHeat": -0.40554427562307294,
  "mean_ThermalConductivity": 0.17910222838467266,
  "wtd_mean_ThermalConductivity": -0.1768961468992284,
  "gmean_ThermalConductivity": -0.4566835340815368,
  "entropy_ThermalConductivity": 0.033940928348905934,
  "wtd_entropy_ThermalConductivity": 0.03520678747738906,
  "range_ThermalConductivity": 0.9393833750447868,
  "wtd_range_Valence": -0.429899044775764,
  "std_Valence": -0.08117440423001879,
  "num_elements_simplified": 4.0
}